Attractor #,Attractor Type,Associated Cell Fate,Basin Size,ros,erstress,genotoxicity,insulrec,ras,erk12,irs1,akt,ikkalpha,tsc,pten,sk,grb10,hk2,rheb,mtorc1,mtorc2,ulk1,atg13,atgtwelve,beclin1,lcthree,autonutri,eif4,cyclinb,cyclind,cycline,cyclina,cdc25,eif2,rag,amp,ampk,hifone,redd1,bnip3,pkcdelta,jnk1,perk,pkctheta,pka,creb,p53,mdm2,p21,nrf2,atm,chkonetwo,brca1,p16,dram,p73,bclsurvival,bad,bclapoptotic,baxbak,cytochromec,apaf1,smacdiablo,aif,caspase9,caspases367,caspase8,etwof1,rb1,cmyc,smadr,rip13,tradd,parkin,fundc1,autodeath,mmp,rho,vegf,par,glu,aminoacids,gfr,oxygen,radiation,tgfr,tnfr,
1,Cyclic,Quiescent + Autophagy Low + Mitophagy(L),0.2886,0,0,0,4.000000e-01,4.000000e-01,8.000000e-01,2.000000e-01,0,0,0,1,6.000000e-01,6.000000e-01,0,1,6.000000e-01,0,4.000000e-01,2.000000e-01,6.000000e-01,2.000000e-01,0,0,6.000000e-01,8.000000e-01,6.000000e-01,8.000000e-01,6.000000e-01,6.000000e-01,0,1,4.000000e-01,4.000000e-01,0,4.000000e-01,0,0,0,0,0,6.000000e-01,6.000000e-01,0,8.000000e-01,0,0,0,4.000000e-01,0,2.000000e-01,0,4.000000e-01,8.000000e-01,0,0,0,0,4.000000e-01,0,0,0,0,0,4.000000e-01,6.000000e-01,4.000000e-01,0,0,0,4.000000e-01,4.000000e-01,0,6.000000e-01,6.000000e-01,4.000000e-01,0,1,1,0,1,0,0,0,
2,Point,Autophagy Low + Apoptosis + E.Apoptosis,0.1718,0,1,0,0,0,0,0,0,0,1,0,0,0,0,1,0,0,1,1,1,0,0,0,0,0,0,0,0,0,1,0,1,1,0,1,0,0,1,1,1,0,0,0,0,0,0,0,0,0,1,0,1,0,1,1,1,1,1,1,1,1,1,1,0,0,0,0,0,1,1,0,0,0,0,0,0,0,0,0,1,0,0,0,
3,Cyclic,Autophagy VeryLow + Apoptosis + Caspase Independent Cell Death,0.1344,0,1,1,8.000000e-01,4.000000e-01,0,6.000000e-01,1.000000e-01,1.000000e-01,1,6.000000e-01,2.000000e-01,2.000000e-01,0,1,2.000000e-01,4.000000e-01,5.000000e-01,8.000000e-01,1,0,0,0,2.000000e-01,0,0,0,0,0,3.000000e-01,7.000000e-01,5.000000e-01,1,0,5.000000e-01,0,1,1,3.000000e-01,1,5.000000e-01,5.000000e-01,6.000000e-01,2.000000e-01,6.000000e-01,6.000000e-01,6.000000e-01,8.000000e-01,4.000000e-01,1,6.000000e-01,8.000000e-01,0,9.000000e-01,5.000000e-01,9.000000e-01,1,1,9.000000e-01,9.000000e-01,9.000000e-01,1,5.000000e-01,1.000000e-01,6.000000e-01,0,0,0,1,1,0,1.000000e-01,0,0,0,5.000000e-01,1,1,1,1,1,0,0,
4,Cyclic,Cell Proliferation (H) + Autophagy Low + Mitophagy(L),0.044,0,0,0,2.000000e-01,2.000000e-01,1,0,0,0,0,1,8.000000e-01,8.000000e-01,0,1,8.000000e-01,0,2.000000e-01,0,2.000000e-01,0,0,0,8.000000e-01,1,1,1,6.000000e-01,6.000000e-01,0,1,2.000000e-01,2.000000e-01,0,2.000000e-01,0,0,0,0,0,8.000000e-01,8.000000e-01,0,1,0,0,0,4.000000e-01,0,0,0,4.000000e-01,1,0,0,0,0,4.000000e-01,0,0,0,0,0,4.000000e-01,6.000000e-01,2.000000e-01,0,0,0,2.000000e-01,2.000000e-01,0,8.000000e-01,8.000000e-01,8.000000e-01,0,1,1,0,1,0,0,0,
5,Cyclic,Quiescent + Autophagy Low + Mitophagy(L),0.0425,0,0,0,2.000000e-01,2.000000e-01,1,0,0,0,0,1,8.000000e-01,8.000000e-01,0,1,8.000000e-01,0,2.000000e-01,2.000000e-01,4.000000e-01,0,0,0,8.000000e-01,8.000000e-01,8.000000e-01,8.000000e-01,6.000000e-01,6.000000e-01,0,1,2.000000e-01,2.000000e-01,0,2.000000e-01,0,0,0,0,0,8.000000e-01,8.000000e-01,0,1,0,0,0,4.000000e-01,0,0,0,4.000000e-01,1,0,0,0,0,4.000000e-01,0,0,0,0,0,4.000000e-01,6.000000e-01,4.000000e-01,0,0,0,2.000000e-01,2.000000e-01,0,8.000000e-01,8.000000e-01,8.000000e-01,0,1,1,0,1,0,0,0,
6,Cyclic,Autophagy VeryLow + Apoptosis + Caspase Independent Cell Death,0.0397,0,1,1,8.000000e-01,4.000000e-01,0,6.000000e-01,0,0,1,6.000000e-01,2.000000e-01,2.000000e-01,0,1,2.000000e-01,4.000000e-01,0,6.000000e-01,1,0,0,0,2.000000e-01,0,0,0,0,0,0,1,5.000000e-01,1,0,5.000000e-01,0,1,1,0,1,5.000000e-01,5.000000e-01,6.000000e-01,2.000000e-01,6.000000e-01,6.000000e-01,6.000000e-01,8.000000e-01,4.000000e-01,1,6.000000e-01,8.000000e-01,0,1,5.000000e-01,1,1,1,1,1,1,1,0,0,6.000000e-01,0,0,0,1,1,0,0,0,0,0,1,1,1,1,1,1,0,0,
7,Cyclic,Quiescent + Autophagy Low + Mitophagy(L),0.0282,0,0,0,4.000000e-01,4.000000e-01,8.000000e-01,2.000000e-01,0,0,0,1,6.000000e-01,6.000000e-01,0,1,6.000000e-01,0,4.000000e-01,2.000000e-01,6.000000e-01,2.000000e-01,0,0,6.000000e-01,8.000000e-01,8.000000e-01,1,8.000000e-01,8.000000e-01,0,1,4.000000e-01,4.000000e-01,0,4.000000e-01,0,0,0,0,0,6.000000e-01,6.000000e-01,0,8.000000e-01,0,0,0,2.000000e-01,0,2.000000e-01,0,2.000000e-01,8.000000e-01,0,0,0,0,2.000000e-01,0,0,0,0,0,2.000000e-01,8.000000e-01,2.000000e-01,0,0,0,4.000000e-01,4.000000e-01,0,6.000000e-01,6.000000e-01,4.000000e-01,0,1,1,0,1,0,0,0,
8,Cyclic,Cell Proliferation (H) + Autophagy Low + Mitophagy(L),0.0239,0,0,0,2.000000e-01,2.000000e-01,1,0,0,0,0,1,8.000000e-01,8.000000e-01,0,1,8.000000e-01,0,2.000000e-01,0,2.000000e-01,0,0,0,8.000000e-01,1,1,1,6.000000e-01,6.000000e-01,0,1,2.000000e-01,2.000000e-01,0,2.000000e-01,0,0,0,0,0,8.000000e-01,8.000000e-01,0,1,0,0,0,4.000000e-01,0,0,0,4.000000e-01,1,0,0,0,0,4.000000e-01,0,0,0,0,0,4.000000e-01,6.000000e-01,4.000000e-01,0,0,0,2.000000e-01,2.000000e-01,0,8.000000e-01,8.000000e-01,8.000000e-01,0,1,1,0,1,0,0,0,
9,Cyclic,Autophagy VeryLow + Necrosis,0.0233,0,1,1,1,4.000000e-01,0,1,0,0,1,6.000000e-01,0,0,0,1,0,1,0,1,1,0,0,0,0,0,0,0,0,0,0,1,1,1,0,1,0,1,1,0,1,0,0,6.000000e-01,2.000000e-01,6.000000e-01,6.000000e-01,6.000000e-01,8.000000e-01,4.000000e-01,1,6.000000e-01,1,0,1,1,1,1,1,1,1,1,1,0,0,6.000000e-01,0,0,0,1,1,0,0,0,0,0,1,1,1,1,1,1,0,0,
10,Cyclic,Quiescent + Autophagy Low + Mitophagy(L),0.0207,0,0,0,4.000000e-01,4.000000e-01,8.000000e-01,2.000000e-01,0,0,0,1,6.000000e-01,6.000000e-01,0,1,6.000000e-01,0,4.000000e-01,2.000000e-01,6.000000e-01,2.000000e-01,0,0,6.000000e-01,8.000000e-01,8.000000e-01,1,6.000000e-01,6.000000e-01,0,1,4.000000e-01,4.000000e-01,0,4.000000e-01,0,0,0,0,0,6.000000e-01,6.000000e-01,0,8.000000e-01,0,0,0,4.000000e-01,0,2.000000e-01,0,4.000000e-01,8.000000e-01,0,0,0,0,4.000000e-01,0,0,2.000000e-01,2.000000e-01,0,4.000000e-01,6.000000e-01,2.000000e-01,0,0,0,4.000000e-01,4.000000e-01,0,6.000000e-01,6.000000e-01,4.000000e-01,0,1,1,0,1,0,0,0,
11,Cyclic,Cell Proliferation (H) + Autophagy Low + Mitophagy(L),0.0202,0,0,0,2.000000e-01,2.000000e-01,1,0,0,0,0,1,8.000000e-01,8.000000e-01,0,1,8.000000e-01,0,2.000000e-01,0,2.000000e-01,0,0,0,8.000000e-01,1,1,1,8.000000e-01,8.000000e-01,0,1,2.000000e-01,2.000000e-01,0,2.000000e-01,0,0,0,0,0,8.000000e-01,8.000000e-01,0,1,0,0,0,2.000000e-01,0,0,0,2.000000e-01,1,0,0,0,0,2.000000e-01,0,0,0,0,0,2.000000e-01,8.000000e-01,2.000000e-01,0,0,0,2.000000e-01,2.000000e-01,0,8.000000e-01,8.000000e-01,8.000000e-01,0,1,1,0,1,0,0,0,
12,Cyclic,Quiescent + Autophagy High + Mitophagy(L),0.0199,0,8.000000e-01,0,0,0,8.000000e-01,0,0,0,0,8.000000e-01,8.000000e-01,8.000000e-01,0,1,8.000000e-01,0,1,2.000000e-01,1,8.000000e-01,6.000000e-01,2.000000e-01,8.000000e-01,0,0,0,0,0,1,0,2.000000e-01,8.000000e-01,0,2.000000e-01,0,0,1,8.000000e-01,8.000000e-01,8.000000e-01,8.000000e-01,0,8.000000e-01,0,0,0,8.000000e-01,0,2.000000e-01,0,8.000000e-01,0,2.000000e-01,0,0,0,8.000000e-01,0,0,2.000000e-01,2.000000e-01,0,8.000000e-01,0,0,0,0,0,8.000000e-01,6.000000e-01,0,2.000000e-01,2.000000e-01,4.000000e-01,0,0,0,0,1,0,0,0,
13,Cyclic,Cell Proliferation (H) + Autophagy Low + Mitophagy(L),0.0188,0,0,0,2.000000e-01,2.000000e-01,1,0,0,0,0,1,8.000000e-01,8.000000e-01,0,1,8.000000e-01,0,2.000000e-01,0,2.000000e-01,0,0,0,8.000000e-01,8.000000e-01,1,1,8.000000e-01,8.000000e-01,0,1,2.000000e-01,2.000000e-01,0,2.000000e-01,0,0,0,0,0,8.000000e-01,8.000000e-01,0,1,0,0,0,2.000000e-01,0,0,0,2.000000e-01,1,0,0,0,0,2.000000e-01,0,0,0,0,0,2.000000e-01,8.000000e-01,2.000000e-01,0,0,0,2.000000e-01,2.000000e-01,0,8.000000e-01,8.000000e-01,8.000000e-01,0,1,1,0,1,0,0,0,
14,Cyclic,Cell Proliferation (H) + Autophagy Low + Mitophagy(L),0.0142,0,0,0,2.000000e-01,2.000000e-01,1,0,0,0,0,1,8.000000e-01,8.000000e-01,0,1,8.000000e-01,0,2.000000e-01,0,2.000000e-01,0,0,0,8.000000e-01,1,1,1,1,1,0,1,2.000000e-01,2.000000e-01,0,2.000000e-01,0,0,0,0,0,8.000000e-01,8.000000e-01,0,1,0,0,0,0,0,0,0,0,1,0,0,0,0,0,0,0,0,0,0,0,1,0,0,0,0,2.000000e-01,2.000000e-01,0,8.000000e-01,8.000000e-01,8.000000e-01,0,1,1,0,1,0,0,0,
15,Cyclic,Cell Proliferation (H) + Autophagy Low + Mitophagy(L),0.013,0,0,0,2.000000e-01,2.000000e-01,1,0,0,0,0,1,8.000000e-01,8.000000e-01,0,1,8.000000e-01,0,2.000000e-01,0,2.000000e-01,0,0,0,8.000000e-01,1,1,1,8.000000e-01,8.000000e-01,0,1,2.000000e-01,2.000000e-01,0,2.000000e-01,0,0,0,0,0,8.000000e-01,8.000000e-01,0,1,0,0,0,2.000000e-01,0,0,0,2.000000e-01,1,0,0,0,0,2.000000e-01,0,0,0,0,0,2.000000e-01,8.000000e-01,2.000000e-01,0,0,0,2.000000e-01,2.000000e-01,0,8.000000e-01,8.000000e-01,8.000000e-01,0,1,1,0,1,0,0,0,
16,Cyclic,Quiescent + Autophagy Low + Mitophagy(L),0.0128,0,0,0,4.000000e-01,4.000000e-01,8.000000e-01,2.000000e-01,0,0,0,1,6.000000e-01,6.000000e-01,0,1,6.000000e-01,0,4.000000e-01,2.000000e-01,4.000000e-01,0,0,0,6.000000e-01,6.000000e-01,8.000000e-01,1,6.000000e-01,6.000000e-01,0,1,4.000000e-01,4.000000e-01,0,4.000000e-01,0,0,0,0,0,6.000000e-01,6.000000e-01,0,8.000000e-01,0,0,0,4.000000e-01,0,2.000000e-01,0,4.000000e-01,1,0,0,0,0,4.000000e-01,0,0,2.000000e-01,2.000000e-01,0,4.000000e-01,6.000000e-01,0,0,0,0,4.000000e-01,4.000000e-01,0,6.000000e-01,6.000000e-01,4.000000e-01,0,1,1,0,1,0,0,0,
17,Cyclic,Autophagy Low + Mitophagy(L),0.012,0,0,0,4.000000e-01,4.000000e-01,4.000000e-01,2.000000e-01,2.000000e-01,2.000000e-01,2.000000e-01,4.000000e-01,6.000000e-01,6.000000e-01,0,1,6.000000e-01,0,4.000000e-01,2.000000e-01,4.000000e-01,2.000000e-01,0,0,6.000000e-01,4.000000e-01,4.000000e-01,8.000000e-01,6.000000e-01,6.000000e-01,0,1,4.000000e-01,4.000000e-01,0,4.000000e-01,0,0,0,0,0,4.000000e-01,4.000000e-01,0,6.000000e-01,0,0,0,2.000000e-01,0,6.000000e-01,0,2.000000e-01,6.000000e-01,0,0,4.000000e-01,4.000000e-01,4.000000e-01,4.000000e-01,4.000000e-01,4.000000e-01,8.000000e-01,4.000000e-01,2.000000e-01,6.000000e-01,2.000000e-01,0,0,0,4.000000e-01,2.000000e-01,0,4.000000e-01,0,2.000000e-01,0,1,1,0,1,0,0,0,
18,Cyclic,Quiescent + Autophagy Low + Mitophagy(L),0.0097,0,0,0,4.000000e-01,4.000000e-01,8.000000e-01,2.000000e-01,0,0,0,1,6.000000e-01,6.000000e-01,0,1,6.000000e-01,0,4.000000e-01,2.000000e-01,6.000000e-01,2.000000e-01,0,0,6.000000e-01,8.000000e-01,8.000000e-01,1,8.000000e-01,8.000000e-01,0,1,4.000000e-01,4.000000e-01,0,4.000000e-01,0,0,0,0,0,6.000000e-01,6.000000e-01,0,8.000000e-01,0,0,0,2.000000e-01,0,2.000000e-01,0,2.000000e-01,8.000000e-01,0,0,0,0,2.000000e-01,0,0,2.000000e-01,2.000000e-01,0,2.000000e-01,8.000000e-01,0,0,0,0,4.000000e-01,4.000000e-01,0,6.000000e-01,6.000000e-01,4.000000e-01,0,1,1,0,1,0,0,0,
19,Cyclic,Quiescent + Autophagy Low + Mitophagy(L),0.0097,0,0,0,4.000000e-01,4.000000e-01,8.000000e-01,2.000000e-01,0,0,0,1,6.000000e-01,6.000000e-01,0,1,6.000000e-01,0,4.000000e-01,2.000000e-01,4.000000e-01,0,0,0,6.000000e-01,6.000000e-01,8.000000e-01,1,8.000000e-01,8.000000e-01,0,1,4.000000e-01,4.000000e-01,0,4.000000e-01,0,0,0,0,0,6.000000e-01,6.000000e-01,0,8.000000e-01,0,0,0,2.000000e-01,0,2.000000e-01,0,2.000000e-01,1,0,0,0,0,2.000000e-01,0,0,0,0,0,2.000000e-01,8.000000e-01,0,0,0,0,4.000000e-01,4.000000e-01,0,6.000000e-01,6.000000e-01,4.000000e-01,0,1,1,0,1,0,0,0,
20,Cyclic,Autophagy Low + Apoptosis + Mitophagy(L),0.0085,0,0,0,2.000000e-01,2.000000e-01,0,0,2.000000e-01,2.000000e-01,2.000000e-01,0,8.000000e-01,8.000000e-01,0,1,8.000000e-01,0,2.000000e-01,0,2.000000e-01,0,0,0,8.000000e-01,0,0,1,1,1,0,1,2.000000e-01,2.000000e-01,0,2.000000e-01,0,0,0,0,0,2.000000e-01,2.000000e-01,0,2.000000e-01,0,0,0,0,0,1,0,0,2.000000e-01,0,0,8.000000e-01,8.000000e-01,8.000000e-01,8.000000e-01,8.000000e-01,8.000000e-01,1,8.000000e-01,0,1,0,0,0,0,2.000000e-01,0,0,0,0,0,0,1,1,0,1,0,0,0,
21,Point,Autophagy High + Mitophagy(H),0.0083,0,1,0,0,0,1,0,0,0,0,1,1,1,0,1,1,0,1,0,1,1,1,0,1,0,0,0,0,0,1,0,0,1,0,0,0,0,1,1,1,1,1,0,1,0,0,0,1,0,0,0,1,0,0,0,0,0,1,0,0,0,0,0,1,0,0,0,0,0,1,1,0,0,0,1,0,0,0,0,1,0,0,0,
22,Cyclic,Autophagy Low + Apoptosis + Mitophagy(L),0.0061,0,0,0,6.000000e-01,6.000000e-01,3.000000e-01,2.000000e-01,4.000000e-01,4.000000e-01,5.000000e-01,4.000000e-01,4.000000e-01,4.000000e-01,0,1,4.000000e-01,3.000000e-01,6.000000e-01,2.000000e-01,6.000000e-01,1.000000e-01,0,0,4.000000e-01,1.000000e-01,3.000000e-01,1,8.000000e-01,8.000000e-01,0,1,6.000000e-01,6.000000e-01,0,6.000000e-01,0,0,0,0,0,4.000000e-01,4.000000e-01,0,5.000000e-01,0,0,0,2.000000e-01,0,7.000000e-01,0,2.000000e-01,7.000000e-01,0,0,5.000000e-01,5.000000e-01,5.000000e-01,5.000000e-01,5.000000e-01,5.000000e-01,9.000000e-01,5.000000e-01,2.000000e-01,8.000000e-01,0,0,0,0,6.000000e-01,1.000000e-01,0,3.000000e-01,1.000000e-01,0,0,1,1,0,1,0,0,0,
23,Cyclic,Cell Proliferation (H) + Autophagy Low + Mitophagy(L),0.0051,0,0,0,2.000000e-01,2.000000e-01,1,0,0,0,0,1,8.000000e-01,8.000000e-01,0,1,8.000000e-01,0,2.000000e-01,0,2.000000e-01,0,0,0,8.000000e-01,8.000000e-01,1,1,6.000000e-01,6.000000e-01,0,1,2.000000e-01,2.000000e-01,0,2.000000e-01,0,0,0,0,0,8.000000e-01,8.000000e-01,0,1,0,0,0,4.000000e-01,0,0,0,4.000000e-01,1,0,0,0,0,4.000000e-01,0,0,0,0,0,4.000000e-01,6.000000e-01,2.000000e-01,0,0,0,2.000000e-01,2.000000e-01,0,8.000000e-01,8.000000e-01,8.000000e-01,0,1,1,0,1,0,0,0,
24,Cyclic,Cell Proliferation + Autophagy Low + Mitophagy(L),0.0045,0,0,0,2.000000e-01,2.000000e-01,1,0,0,0,0,1,8.000000e-01,8.000000e-01,0,1,8.000000e-01,0,2.000000e-01,2.000000e-01,4.000000e-01,0,0,0,8.000000e-01,1,8.000000e-01,8.000000e-01,6.000000e-01,6.000000e-01,0,1,2.000000e-01,2.000000e-01,0,2.000000e-01,0,0,0,0,0,8.000000e-01,8.000000e-01,0,1,0,0,0,4.000000e-01,0,0,0,4.000000e-01,1,0,0,0,0,4.000000e-01,0,0,0,0,0,4.000000e-01,6.000000e-01,4.000000e-01,0,0,0,2.000000e-01,2.000000e-01,0,8.000000e-01,8.000000e-01,8.000000e-01,0,1,1,0,1,0,0,0,
25,Cyclic,Quiescent + Autophagy Low + Mitophagy(L),0.0042,0,0,0,2.000000e-01,2.000000e-01,8.000000e-01,0,0,0,0,1,8.000000e-01,8.000000e-01,0,1,8.000000e-01,0,2.000000e-01,0,2.000000e-01,0,0,0,8.000000e-01,6.000000e-01,8.000000e-01,1,6.000000e-01,6.000000e-01,0,1,2.000000e-01,2.000000e-01,0,2.000000e-01,0,0,0,0,0,8.000000e-01,8.000000e-01,0,8.000000e-01,0,0,0,4.000000e-01,0,2.000000e-01,0,4.000000e-01,1,0,0,0,0,4.000000e-01,0,0,2.000000e-01,2.000000e-01,0,4.000000e-01,6.000000e-01,2.000000e-01,0,0,0,2.000000e-01,2.000000e-01,0,8.000000e-01,6.000000e-01,6.000000e-01,0,1,1,0,1,0,0,0,
26,Cyclic,Autophagy Low + Mitophagy(L),0.0037,0,0,0,4.000000e-01,4.000000e-01,4.000000e-01,2.000000e-01,2.000000e-01,2.000000e-01,2.000000e-01,4.000000e-01,6.000000e-01,6.000000e-01,0,1,6.000000e-01,0,4.000000e-01,2.000000e-01,4.000000e-01,2.000000e-01,0,0,6.000000e-01,4.000000e-01,4.000000e-01,1,1,1,0,1,4.000000e-01,4.000000e-01,0,4.000000e-01,0,0,0,0,0,4.000000e-01,4.000000e-01,0,6.000000e-01,0,0,0,0,0,6.000000e-01,0,0,6.000000e-01,0,0,4.000000e-01,4.000000e-01,4.000000e-01,4.000000e-01,4.000000e-01,4.000000e-01,8.000000e-01,4.000000e-01,0,1,0,0,0,0,4.000000e-01,2.000000e-01,0,4.000000e-01,0,2.000000e-01,0,1,1,0,1,0,0,0,
27,Cyclic,Autophagy Low + Apoptosis + E.Apoptosis,0.0026,0,1,1,6.000000e-01,4.000000e-01,0,4.000000e-01,0,0,1,6.000000e-01,4.000000e-01,4.000000e-01,0,1,4.000000e-01,2.000000e-01,1,6.000000e-01,1,0,0,0,4.000000e-01,0,0,0,0,0,6.000000e-01,4.000000e-01,4.000000e-01,1,0,4.000000e-01,0,1,1,6.000000e-01,1,0,0,6.000000e-01,2.000000e-01,6.000000e-01,6.000000e-01,6.000000e-01,8.000000e-01,4.000000e-01,1,6.000000e-01,1,0,1,1,1,1,1,1,1,1,1,1,0,6.000000e-01,0,0,0,1,1,0,0,0,0,0,0,1,1,1,1,1,0,0,
28,Cyclic,Quiescent + Autophagy Low + Mitophagy(L),0.0022,0,0,0,4.000000e-01,4.000000e-01,8.000000e-01,2.000000e-01,0,0,0,1,6.000000e-01,6.000000e-01,0,1,6.000000e-01,0,4.000000e-01,2.000000e-01,6.000000e-01,2.000000e-01,0,0,6.000000e-01,8.000000e-01,6.000000e-01,8.000000e-01,8.000000e-01,8.000000e-01,0,1,4.000000e-01,4.000000e-01,0,4.000000e-01,0,0,0,0,0,6.000000e-01,6.000000e-01,0,8.000000e-01,0,0,0,2.000000e-01,0,2.000000e-01,0,2.000000e-01,8.000000e-01,0,0,0,0,2.000000e-01,0,0,0,0,0,2.000000e-01,8.000000e-01,2.000000e-01,0,0,0,4.000000e-01,4.000000e-01,0,6.000000e-01,6.000000e-01,4.000000e-01,0,1,1,0,1,0,0,0,
29,Cyclic,Quiescent + Autophagy Low + Mitophagy(L),0.0021,0,0,0,2.000000e-01,2.000000e-01,8.000000e-01,0,0,0,0,1,8.000000e-01,8.000000e-01,0,1,8.000000e-01,0,2.000000e-01,0,4.000000e-01,2.000000e-01,0,0,8.000000e-01,8.000000e-01,8.000000e-01,1,6.000000e-01,6.000000e-01,0,1,2.000000e-01,2.000000e-01,0,2.000000e-01,0,0,0,0,0,8.000000e-01,8.000000e-01,0,8.000000e-01,0,0,0,4.000000e-01,0,2.000000e-01,0,4.000000e-01,8.000000e-01,0,0,0,0,4.000000e-01,0,0,2.000000e-01,2.000000e-01,0,4.000000e-01,6.000000e-01,2.000000e-01,0,0,0,2.000000e-01,2.000000e-01,0,8.000000e-01,4.000000e-01,4.000000e-01,0,1,1,0,1,0,0,0,
30,Cyclic,Cell Proliferation (H) + Autophagy Low + Mitophagy(L),0.0015,0,0,0,2.000000e-01,2.000000e-01,1,0,0,0,0,1,8.000000e-01,8.000000e-01,0,1,8.000000e-01,0,2.000000e-01,0,2.000000e-01,0,0,0,8.000000e-01,1,1,1,8.000000e-01,8.000000e-01,0,1,2.000000e-01,2.000000e-01,0,2.000000e-01,0,0,0,0,0,8.000000e-01,8.000000e-01,0,1,0,0,0,2.000000e-01,0,0,0,2.000000e-01,1,0,0,0,0,2.000000e-01,0,0,0,0,0,2.000000e-01,8.000000e-01,0,0,0,0,2.000000e-01,2.000000e-01,0,8.000000e-01,8.000000e-01,8.000000e-01,0,1,1,0,1,0,0,0,
31,Cyclic,Quiescent + Autophagy Low + Mitophagy(L),0.0007,0,0,0,4.000000e-01,4.000000e-01,8.000000e-01,2.000000e-01,0,0,0,1,6.000000e-01,6.000000e-01,0,1,6.000000e-01,0,4.000000e-01,2.000000e-01,6.000000e-01,2.000000e-01,0,0,6.000000e-01,8.000000e-01,8.000000e-01,1,1,1,0,1,4.000000e-01,4.000000e-01,0,4.000000e-01,0,0,0,0,0,6.000000e-01,6.000000e-01,0,8.000000e-01,0,0,0,0,0,2.000000e-01,0,0,8.000000e-01,0,0,0,0,0,0,0,0,0,0,0,1,0,0,0,0,4.000000e-01,4.000000e-01,0,6.000000e-01,6.000000e-01,4.000000e-01,0,1,1,0,1,0,0,0,
32,Cyclic,Autophagy Low + Mitophagy(L),0.0007,0,0,0,4.000000e-01,4.000000e-01,4.000000e-01,2.000000e-01,2.000000e-01,2.000000e-01,2.000000e-01,4.000000e-01,6.000000e-01,6.000000e-01,0,1,6.000000e-01,0,4.000000e-01,2.000000e-01,4.000000e-01,2.000000e-01,0,0,6.000000e-01,2.000000e-01,4.000000e-01,1,8.000000e-01,8.000000e-01,0,1,4.000000e-01,4.000000e-01,0,4.000000e-01,0,0,0,0,0,4.000000e-01,4.000000e-01,0,6.000000e-01,0,0,0,2.000000e-01,0,6.000000e-01,0,2.000000e-01,8.000000e-01,0,0,4.000000e-01,4.000000e-01,4.000000e-01,4.000000e-01,4.000000e-01,4.000000e-01,8.000000e-01,4.000000e-01,2.000000e-01,8.000000e-01,0,0,0,0,4.000000e-01,2.000000e-01,0,4.000000e-01,0,2.000000e-01,0,1,1,0,1,0,0,0,
33,Cyclic,Autophagy Low + Apoptosis + Mitophagy(L),0.0005,0,0,0,4.000000e-01,4.000000e-01,2.000000e-01,0,4.000000e-01,4.000000e-01,4.000000e-01,2.000000e-01,6.000000e-01,6.000000e-01,0,1,6.000000e-01,2.000000e-01,4.000000e-01,0,4.000000e-01,0,0,0,6.000000e-01,2.000000e-01,2.000000e-01,1,1,1,0,1,4.000000e-01,4.000000e-01,0,4.000000e-01,0,0,0,0,0,4.000000e-01,4.000000e-01,0,4.000000e-01,0,0,0,0,0,8.000000e-01,0,0,4.000000e-01,0,0,6.000000e-01,6.000000e-01,6.000000e-01,6.000000e-01,6.000000e-01,6.000000e-01,1,6.000000e-01,0,1,0,0,0,0,4.000000e-01,0,0,2.000000e-01,0,0,0,1,1,0,1,0,0,0,
34,Cyclic,Quiescent + Autophagy Low + Mitophagy(L),0.0005,0,0,0,2.000000e-01,2.000000e-01,8.000000e-01,0,0,0,0,1,8.000000e-01,8.000000e-01,0,1,8.000000e-01,0,2.000000e-01,0,4.000000e-01,2.000000e-01,0,0,8.000000e-01,8.000000e-01,8.000000e-01,1,8.000000e-01,8.000000e-01,0,1,2.000000e-01,2.000000e-01,0,2.000000e-01,0,0,0,0,0,8.000000e-01,8.000000e-01,0,8.000000e-01,0,0,0,2.000000e-01,0,2.000000e-01,0,2.000000e-01,8.000000e-01,0,0,0,0,2.000000e-01,0,0,2.000000e-01,2.000000e-01,0,2.000000e-01,8.000000e-01,0,0,0,0,2.000000e-01,2.000000e-01,0,8.000000e-01,4.000000e-01,4.000000e-01,0,1,1,0,1,0,0,0,
35,Cyclic,Cell Proliferation + Autophagy Low + Mitophagy(L),0.0005,0,0,0,2.000000e-01,2.000000e-01,1,0,0,0,0,1,8.000000e-01,8.000000e-01,0,1,8.000000e-01,0,2.000000e-01,2.000000e-01,4.000000e-01,0,0,0,8.000000e-01,1,8.000000e-01,8.000000e-01,8.000000e-01,8.000000e-01,0,1,2.000000e-01,2.000000e-01,0,2.000000e-01,0,0,0,0,0,8.000000e-01,8.000000e-01,0,1,0,0,0,2.000000e-01,0,0,0,2.000000e-01,1,0,0,0,0,2.000000e-01,0,0,0,0,0,2.000000e-01,8.000000e-01,2.000000e-01,0,0,0,2.000000e-01,2.000000e-01,0,8.000000e-01,8.000000e-01,8.000000e-01,0,1,1,0,1,0,0,0,
36,Cyclic,Cell Proliferation (H) + Autophagy VeryLow,0.0005,0,0,0,0,0,1,0,0,0,0,1,1,1,0,1,1,0,0,0,0,0,0,0,1,1,1,1,6.000000e-01,6.000000e-01,0,1,0,0,0,0,0,0,0,0,0,1,1,0,1,0,0,0,4.000000e-01,0,0,0,4.000000e-01,1,0,0,0,0,4.000000e-01,0,0,0,0,0,4.000000e-01,6.000000e-01,4.000000e-01,0,0,0,0,0,0,1,1,1,0,1,1,0,1,0,0,0,
37,Cyclic,Cell Proliferation (H) + Autophagy VeryLow,0.0002,0,0,0,0,0,1,0,0,0,0,1,1,1,0,1,1,0,0,0,0,0,0,0,1,1,1,1,8.000000e-01,8.000000e-01,0,1,0,0,0,0,0,0,0,0,0,1,1,0,1,0,0,0,2.000000e-01,0,0,0,2.000000e-01,1,0,0,0,0,2.000000e-01,0,0,0,0,0,2.000000e-01,8.000000e-01,2.000000e-01,0,0,0,0,0,0,1,1,1,0,1,1,0,1,0,0,0,
38,Cyclic,Autophagy Low + Apoptosis + Mitophagy(L),0.0002,0,0,0,6.000000e-01,6.000000e-01,3.000000e-01,2.000000e-01,4.000000e-01,4.000000e-01,5.000000e-01,4.000000e-01,4.000000e-01,4.000000e-01,0,1,4.000000e-01,3.000000e-01,6.000000e-01,2.000000e-01,6.000000e-01,1.000000e-01,0,0,4.000000e-01,3.000000e-01,3.000000e-01,1,1,1,0,1,6.000000e-01,6.000000e-01,0,6.000000e-01,0,0,0,0,0,4.000000e-01,4.000000e-01,0,5.000000e-01,0,0,0,0,0,7.000000e-01,0,0,5.000000e-01,0,0,5.000000e-01,5.000000e-01,5.000000e-01,5.000000e-01,5.000000e-01,5.000000e-01,9.000000e-01,5.000000e-01,0,1,0,0,0,0,6.000000e-01,1.000000e-01,0,3.000000e-01,1.000000e-01,0,0,1,1,0,1,0,0,0,
